CafeID,Name,Location,Hours
CAF001,Harmon-Young,4110 John Extension Suite 988,6am - 6pm
CAF002,"Crane, Waller and Rocha",48211 Susan Dam,6am - 3pm
CAF003,"Raymond, Delgado and Harris",7797 Pearson Path Apt. 641,8am - 8pm
CAF004,"Velasquez, Hicks and Henderson",3280 Martin Summit,7am - 8pm
CAF005,"Rivera, Rose and Hodges",390 Stacy Radial,8am - 6pm
CAF006,Chavez Inc,886 Robert Forges Apt. 413,8am - 5pm
CAF007,Rodriguez-Smith,890 Dennis Manors Apt. 798,7am - 7pm
CAF008,"Fox, Wong and Bell",793 Green Union,6am - 9pm
CAF009,Knapp-Schultz,153 Annette Forest,8am - 9pm
CAF010,"Golden, Davis and Jones",0535 Robert Walk,6am - 9pm
CAF011,Burgess Ltd,9451 Michael Avenue Apt. 691,7am - 8pm
CAF012,"Chavez, Hale and Hudson",39544 Clark Stravenue Apt. 636,6am - 6pm
CAF013,Wilson-Garcia,54180 Joseph Gateway Apt. 851,8am - 6pm
CAF014,Meza-Adams,761 Wheeler Mountain,6am - 5pm
CAF015,"Kirby, Martin and Greer",5678 Vance Overpass,8am - 4pm
CAF016,"Carter, Thompson and Russell",158 Betty Springs Apt. 714,6am - 5pm
CAF017,"Tucker, Fox and Daniel",19510 Ana Street,8am - 6pm
CAF018,Munoz LLC,7071 Lucas Corners,6am - 9pm
CAF019,Nash-Barrett,25714 Russell Loop Apt. 801,6am - 9pm
CAF020,"Curtis, Roberts and Gutierrez",07863 Dunn Shoals,6am - 8pm
CAF021,Huff-Valenzuela,269 Derek Centers Suite 653,6am - 7pm
CAF022,"Robinson, Tucker and Ramirez",645 Katrina Estates,6am - 4pm
CAF023,Thomas-Harvey,4343 Price Land Suite 404,8am - 4pm
CAF024,Carrillo-Stout,50810 Lozano Mount Apt. 852,6am - 9pm
CAF025,"Garner, Richards and Mccoy",554 Cory Manor Suite 914,6am - 8pm
CAF026,Arroyo Group,6157 Kelly Rapid,8am - 10pm
CAF027,"Davis, Jones and James",6408 Donna Rapid Apt. 394,7am - 6pm
CAF028,"Pham, Phillips and West",408 Kim Throughway,7am - 9pm
CAF029,Parsons LLC,09707 Catherine Meadows,7am - 5pm
CAF030,"Collins, Carter and Edwards",39847 Aimee Rue,6am - 10pm
CAF031,Leonard Group,4781 Spencer Mission Suite 770,7am - 8pm
CAF032,"Hunt, Price and Jones",76210 Carlos Road,8am - 10pm
CAF033,Bradley Ltd,1083 Molly Overpass Suite 014,7am - 5pm
CAF034,Sanchez and Sons,00509 Hernandez Ranch Suite 153,6am - 9pm
CAF035,Graham Inc,77842 Allen Forks Suite 815,8am - 5pm
CAF036,"Schaefer, Anderson and Durham",47406 Mitchell Stravenue,8am - 10pm
CAF037,Bowen-Hines,370 Smith Trail Suite 349,7am - 10pm
CAF038,Chapman LLC,36215 Katie Alley,8am - 4pm
CAF039,Byrd-Werner,86240 Carlson Loop Apt. 141,7am - 5pm
CAF040,Garcia and Sons,232 Douglas Rapid Apt. 732,8am - 3pm
CAF041,Castro-Williams,668 Reed Curve Apt. 484,8am - 3pm
CAF042,Cortez Inc,6566 Johnson Harbors,8am - 8pm
CAF043,Parsons-Walker,567 Baker Plaza,6am - 6pm
CAF044,Jordan-Wilson,253 Daniels Ridges Apt. 222,7am - 5pm
CAF045,West Group,8925 Alexander Lodge,8am - 6pm
CAF046,"Ross, Maxwell and Cruz",5693 Rodriguez Neck Apt. 886,8am - 6pm
CAF047,"Stein, Soto and Myers",866 Parsons Heights Suite 936,8am - 8pm
CAF048,Rios Group,16293 Blanchard Land,6am - 9pm
CAF049,Higgins-Hansen,7581 Anthony Station Suite 206,8am - 4pm
CAF050,Thomas and Sons,47276 Anthony Street,6am - 9pm
