PublisherID,Name,Contact,Address
PUB001,"Flores, Merritt and Wise",235.911.6672x3439,"78008 Graham Fort, South Amanda, OK 31847"
PUB002,"Johnson, Burnett and Mills",(524)646-0114,"9736 Kristina Hollow, Port Keith, ND 72635"
PUB003,Hamilton-Rogers,570-461-0583,"6687 Stephanie Bridge Apt. 826, North Shawnshire, FL 40635"
PUB004,"Lucero, Nash and Evans",441.302.0512,"1636 Destiny Turnpike Suite 381, North Kent, MD 90338"
PUB005,"Christensen, Gould and Martin",398.291.4698x605,"7146 Kathleen Land, Carolinefurt, OK 25034"
PUB006,"Gonzalez, Cortez and Stevens",(000)014-3473x2158,"189 Marie Road, Allisonborough, MN 62656"
PUB007,Garcia-Mcclain,(814)543-0261x3576,"423 Brian Locks Suite 603, Sanchezchester, IN 44002"
PUB008,Blackwell Ltd,001-468-819-4769,"636 Sanders Streets Apt. 381, New Alexanderport, SC 66715"
PUB009,Casey Ltd,870.526.0263,"949 Christopher Passage Suite 120, West Alicia, OR 93718"
PUB010,Rios-Lopez,(739)468-6767,"2407 Munoz Drive, Russellport, KY 63076"
PUB011,Brewer Inc,685.066.4509x6736,"7359 Carrie Roads Apt. 332, Martinezton, MN 17784"
PUB012,Stout Ltd,+1-592-400-9409x9516,"01655 Olsen Stream, Perryshire, CA 10393"
PUB013,"Ramos, Little and Walker",455-891-8045x30615,"30291 Fisher Extensions, Port Steveville, IL 74483"
PUB014,Tate-Mendez,893.420.8045x5698,"32380 Claire Port Apt. 788, Carolyntown, OK 94408"
PUB015,"Pope, Russell and West",001-760-561-7848x4936,"USS Smith, FPO AP 11289"
PUB016,Potter-Graves,(399)738-7015x9371,"29919 Waters Drives Suite 843, Dodsonmouth, VT 50564"
PUB017,Gomez Group,+1-398-283-8076,"11933 Kline Common, Travismouth, NE 63356"
PUB018,Rose PLC,224-646-1279x548,"4234 Marissa Corners, South Lucas, PA 91217"
PUB019,Roberts Group,(491)174-3904x1875,"51078 Rowe Land Suite 020, Michellemouth, NH 95261"
PUB020,Wiggins-Lee,814-498-7167x96801,"61977 Moyer Gardens, Allenhaven, PA 03920"
PUB021,Thompson LLC,001-848-812-3627x775,"PSC 8347, Box 0888, APO AP 31244"
PUB022,"Waters, Byrd and Wright",486.745.6158,"1572 Joe Track Apt. 750, South Lauren, LA 81506"
PUB023,Kim LLC,(034)082-4400x652,"6707 Hall Lodge, South Heatherport, IL 93013"
PUB024,Ortiz-Aguirre,+1-365-275-4627x5119,"911 Stacy Valleys, Smithbury, NC 59235"
PUB025,Haney-Ramos,467-758-8244x34824,"779 Jones Circles Suite 285, Meaganstad, HI 09582"
PUB026,Grant-Taylor,549.048.5073,"871 Frazier Views Apt. 770, North Donaldtown, FL 77834"
PUB027,Thomas and Sons,(516)424-3473x694,"19922 Gonzalez Field, Tiffanyhaven, RI 46631"
PUB028,"Jensen, Wheeler and Martin",001-884-798-7685,"849 Carter Tunnel, Laurabury, CT 98094"
PUB029,"Mcdowell, Cox and Myers",9876439008,"304 Brandi Walks Suite 927, Wendyberg, ND 72113"
PUB030,"Ford, Delgado and Brown",857-864-5221x934,"7493 Stewart Port, Hatfieldberg, WA 82124"
PUB031,"Mclean, Solomon and Thompson",097.094.4009,"3299 Samantha Pine, Jonesview, MO 82135"
PUB032,Martin-Fritz,464-620-5368x821,"214 Bridget Falls, North Jenniferland, MT 80613"
PUB033,Anderson PLC,900-715-5045x5698,"483 Ronald Stream, North Cherylview, MN 13172"
PUB034,Bailey Group,497-006-3965,"3350 Kenneth Avenue Suite 061, New Patricia, LA 52082"
PUB035,Drake LLC,(207)841-6860,"57138 Jennifer Inlet Apt. 900, Laurenside, CT 63762"
PUB036,"Campbell, Alvarado and Robinson",748-413-4779x582,"517 Chambers Cape Suite 933, Russellfurt, NJ 28123"
PUB037,"Chavez, Keith and Hodge",6586952615,"Unit 0041 Box 4909, DPO AA 73722"
PUB038,"Wells, Herring and Jones",(153)690-6326x89895,"3564 Williams Village, Florestown, NJ 09238"
PUB039,"Shields, Coleman and Lambert",(585)304-7974,"9391 Felicia Junction, New Josemouth, MT 84960"
PUB040,"Roberts, Frederick and Sharp",638.744.3579x7191,"37096 Elizabeth Brook, East Ashleyborough, ND 13140"
PUB041,Robinson LLC,405.611.8858x354,"326 Jenna Union Apt. 740, Snyderborough, FL 05837"
PUB042,"Faulkner, Santiago and Caldwell",518.874.6543x68336,"16848 Juan Spurs, Stoutton, OR 82806"
PUB043,Figueroa-Bright,(220)078-2350x4857,"1841 Rebecca Circles Suite 603, Lisamouth, NM 98944"
PUB044,"Mathews, Olsen and Jones",001-560-838-2993x351,"19687 Harris Plains, East Johnberg, KY 77956"
PUB045,Duran LLC,(787)589-8586,"08800 Johnson Burg, Jeannefurt, KS 98652"
PUB046,Sampson Ltd,(770)182-4183,"06466 Lawrence Drive, Lake Dustinstad, TN 84393"
PUB047,Allen Inc,001-821-098-7577x2176,"08410 Noah Station Apt. 996, Port Douglastown, ID 76206"
PUB048,Roberts-Collins,+1-097-567-4077x13378,"059 Joanna Plains Suite 636, Alexandratown, KY 86412"
PUB049,"Warren, Fisher and Carroll",(102)795-8488x60854,"0770 Callahan Mall, Port Benjaminville, LA 55758"
PUB050,"Page, Hall and Miller",001-167-309-7837x6512,"83299 Catherine Turnpike Suite 031, Huntborough, NC 13063"
